{"cameraMode":{"drawMode":0,"name":"Shaded","section":"Shading Mode"},"sceneLighting":true,"audioPlay":false,"sceneViewState":{"showFog":true,"showMaterialUpdate":false,"showSkybox":true,"showFlares":true,"showImageEffects":true,"showParticleSystems":true},"in2DMode":false,"pivot":{"x":262.8460388183594,"y":284.375732421875,"z":160.63922119140626},"rotation":{"x":-0.16091157495975495,"y":-0.20648875832557679,"z":0.034449003636837009,"w":-0.9645123481750488},"size":172.0164337158203,"orthographic":false}